Workbook

Sheet Plantilla Inventario
A1: Código de Barras | B1: Producto / Nombre | C1: Marca | D1: Cantidad (Stock) | E1: Precio Neto | F1: Impuestos | G1: Precio Venta | H1: Categoría
A2: 7591260070856 | B2: ACEITE 5X1 SQ (GOTERO) | C2: SQ | D2: {=XLOOKUP(B2, Inventario_viejo!A:A, Inventario_viejo!B:B, "No encontrado", 0)} -> 1 | E2: 2.15 | F2: 0.4 | G2: 6 | H2: Multiusos / Lubricantes
A3: 7591260070795 | B3: ACEITE 5X1 SQ (SPRAY) | C3: SQ | D3: {=XLOOKUP(B3, Inventario_viejo!A:A, Inventario_viejo!B:B, "No encontrado", 0)} -> 2 | E3: 3.8 | F3: 0.4 | G3: 9 | H3: Multiusos / Lubricantes
A4: 7598188000231 | B4: ACEITE POWERSTEARING FLUIDS CHRONUS (473ml) | C4: CHRONUS | D4: 9 | E4: 4.8 | F4: 0.4 | G4: 8 | H4: =IFERROR(__xludf.DUMMYFUNCTION("AI(""Introduce un valor adecuado para esta celda según el contexto de la tabla"")"),"Aceite / Transmisión") -> Aceite / Transmisión
A5: 071153002043 | B5: ACEITE POWERSTEARING FLUIDS STP (354ml) | C5: STP | D5: {=XLOOKUP(B5, Inventario_viejo!A:A, Inventario_viejo!B:B, "No encontrado", 0)} -> 8 | E5: 7.3 | F5: 0.4 | G5: 9 | H5: =IFERROR(__xludf.DUMMYFUNCTION("AI(""Introduce un valor adecuado para esta celda según el contexto de la tabla"")"),"Aceite / Transmisión") -> Aceite / Transmisión
A6: N/A | B6: ACEITE POWERSTEARING FLUIDS STP (946ml) | C6: STP | D6: 0 | E6: 7.3 | F6: 0.4 | G6: 15 | H6: =IFERROR(__xludf.DUMMYFUNCTION("AI(""Introduce un valor adecuado para esta celda según el contexto de la tabla"")"),"Aceite / Transmisión") -> Aceite / Transmisión | L6: =IFERROR(__xludf.DUMMYFUNCTION("IMPORTRANGE(""https://docs.google.com/spreadsheets/d/1wFcznqessZzenIhUngfAoNWXwGMCTqiG/edit?gid=178502302#gid=178502302"", ""Hoja1!A1"")"),"#REF!") -> #REF!
A7: 0740111725040 | B7: ACEITE ROYAL 80W-90 TRASMISION | C7: ROYAL | D7: 4 | E7: 7.3 | F7: 0.4 | G7: 12 | H7: =IFERROR(__xludf.DUMMYFUNCTION("AI(""Introduce un valor adecuado para esta celda según el contexto de la tabla"")"),"Aceite / Transmisión") -> Aceite / Transmisión
A8: 7598870000907 | B8: ACEITE GLOBAL OIL 80W-90 TRASMISION | C8: GLOBAL OIL | D8: 12 | E8: 7.3 | F8: 0.4 | G8: 12 | H8: =IFERROR(__xludf.DUMMYFUNCTION("AI(""Introduce un valor adecuado para esta celda según el contexto de la tabla"")"),"Aceite / Transmisión") -> Aceite / Transmisión
A9: 75996559000118 | B9: ACEITE VOLTEX 85W-140 MINERAL TRASMISION | C9: VOLTEX | D9: 6 | G9: 12 | H9: =IFERROR(__xludf.DUMMYFUNCTION("AI(""Introduce un valor adecuado para esta celda según el contexto de la tabla"")"),"Aceite / Transmisión") -> Aceite / Transmisión
A10: N/A | B10: ACEITE DAUER M5 ATF SYNTHETIC (946ml) | C10: DAUER | D10: 0 | E10: 7.3 | F10: 0.4 | G10: 0 | H10: =IFERROR(__xludf.DUMMYFUNCTION("AI(""Introduce un valor adecuado para esta celda según el contexto de la tabla"")"),"Aceite / Transmisión") -> Aceite / Transmisión
A11: 816645011727 | B11: ACEITE DAUER CVT ATF SYNTHETIC (946ml) | C11: DAUER | D11: {=XLOOKUP(B11, Inventario_viejo!A:A, Inventario_viejo!B:B, "No encontrado", 0)} -> 6 | E11: 7.3 | F11: 0.4 | G11: 20 | H11: =IFERROR(__xludf.DUMMYFUNCTION("AI(""Introduce un valor adecuado para esta celda según el contexto de la tabla"")"),"Aceite / Transmisión") -> Aceite / Transmisión
A12: 7596433041671 | B12: ACEITE KYOTO CVT FE (946ml) | C12: KYOTO | D12: {=XLOOKUP(B12, Inventario_viejo!A:A, Inventario_viejo!B:B, "No encontrado", 0)} -> 6 | E12: 7.3 | F12: 0.4 | G12: 17 | H12: =IFERROR(__xludf.DUMMYFUNCTION("AI(""Introduce un valor adecuado para esta celda según el contexto de la tabla"")"),"Aceite / Transmisión") -> Aceite / Transmisión
A13: 7898319232242 | B13: ACEITE BLUE1 ATF DX IV (1L) | C13: BLUE1 | D13: 9 | E13: 7.3 | F13: 0.4 | G13: 17 | H13: =IFERROR(__xludf.DUMMYFUNCTION("AI(""Introduce un valor adecuado para esta celda según el contexto de la tabla"")"),"Aceite / Transmisión") -> Aceite / Transmisión
A14: N/A | B14: ACEITE PROFORCE DEXRON III (946ml) | C14: PROFORCE | D14: 0 | F14: 0.4 | G14: 10 | H14: =IFERROR(__xludf.DUMMYFUNCTION("AI(""Introduce un valor adecuado para esta celda según el contexto de la tabla"")"),"Aceite / Transmisión") -> Aceite / Transmisión
A15: N/A | B15: ACEITE XPESO DEXRON III (946ml) | C15: XPESO | D15: 12 | F15: 0.4 | G15: 10 | H15: =IFERROR(__xludf.DUMMYFUNCTION("AI(""Introduce un valor adecuado para esta celda según el contexto de la tabla"")"),"Aceite / Transmisión") -> Aceite / Transmisión
A16: 840984173099 | B16: ACEITE MOPAR ATF+4 SYNTHETIC (946ml) | C16: MOPAR | D16: 2 | G16: 18 | H16: =IFERROR(__xludf.DUMMYFUNCTION("AI(""Introduce un valor adecuado para esta celda según el contexto de la tabla"")"),"Aceite / Transmisión") -> Aceite / Transmisión
A17: 7599659000071 | B17: ACEITE VOLTEX DEXRON III (946ml) | C17: VOLTEX | D17: 5 | F17: 0.4 | G17: 11 | H17: Aceite / Transmisión
A18: 7898319231603 | B18: ACEITE SUPERIOR DEXRON III (1L) | C18: SUPERIOR | D18: 8 | F18: 0.4 | G18: 11 | H18: Aceite / Transmisión
A19: 7501247408121 | B19: ACEITE GONHER ATF DEXRON III (946ml) | C19: GONHER | D19: 15 | F19: 0.4 | G19: 14 | H19: Aceite / Transmisión
A20: 7598188000149 | B20: ACEITE CHRONUS DEXRON III (946ml) | C20: =MID(B20,FIND(" ",B20) + 1,FIND(CHAR(160),SUBSTITUTE(B20," ",CHAR(160),2)) - 1 - (FIND(" ",B20))) -> CHRONUS | D20: 5 | F20: 0.4 | G20: 15 | H20: Aceite / Transmisión
A21: 7898319231306 | B21: ACEITE BLUE1 DEXRON III (1L) | C21: =MID(B21,FIND(" ",B21) + 1,FIND(CHAR(160),SUBSTITUTE(B21," ",CHAR(160),2)) - 1 - (FIND(" ",B21))) -> BLUE1 | D21: 9 | F21: 0.4 | G21: 15 | H21: Aceite / Transmisión
A22: 7593891000677 | B22: ACEITE OILVEN ATF DEXRON III (946ml) | C22: OILVEN | D22: 3 | G22: 11 | H22: Aceite / Transmisión
A23: 7704790200383 | B23: ACEITE MOBIL ATF DEXRON III (946ml) | C23: MOBIL | D23: 6 | G23: 16 | H23: Aceite / Transmisión
A24: 729208125895 | B24: ACEITE INGRALUB ATF DEXRON III (946ml) | C24: INGRALUB | D24: 2 | G24: 11 | H24: =IFERROR(__xludf.DUMMYFUNCTION("AI(""Introduce un valor adecuado para esta celda según el contexto de la tabla"")"),"Aceite / Transmisión") -> Aceite / Transmisión
A25: 7591871007968 | B25: ACEITE ULTRALUB ATF DEXRON III (946ml) | C25: ULTRALUB | D25: 8 | G25: 16 | H25: Aceite / Transmisión
A27: ACEITES MOTOR REVISAR
A28: N/A | B28: ACEITE FC 20W-50 MINERAL (MOTO) | C28: =MID(B28,FIND(" ",B28) + 1,FIND(CHAR(160),SUBSTITUTE(B28," ",CHAR(160),2)) - 1 - (FIND(" ",B28))) -> FC | D28: 0 | F28: 0.4 | G28: 10 | H28: Aceite / Moto
A29: 7593597002586 | B29: ACEITE OILSTONE 20W-50 MINERAL (MOTO) | C29: =MID(B29,FIND(" ",B29) + 1,FIND(CHAR(160),SUBSTITUTE(B29," ",CHAR(160),2)) - 1 - (FIND(" ",B29))) -> OILSTONE | D29: 8 | F29: 0.4 | G29: 12 | H29: Aceite / Moto
A30: 7593597002685 | B30: ACEITE SKY 20W-50 4T SEMISINTETICO (946ml) (MOTO) | C30: SKY | D30: 6 | F30: 0.4 | G30: 15 | H30: Aceite / Moto
A31: 7591871008088 | B31: ACEITE ULTRALUB 10W-40 4T SEMISINTETICO (1L) (MOTO) | C31: ULTRALUB | D31: 6 | F31: 0.4 | G31: 16 | H31: Aceite / Moto
A32: 7591871008057 | B32: ACEITE ULTRALUB 20W-50 4T MINERAL (1L) (MOTO) | C32: ULTRALUB | D32: 3 | F32: 0.4 | G32: 16 | H32: Aceite / Moto
A33: 75011390569397 | B33: ACEITE ROSHFRANS 2T MINERAL (MOTO) | C33: =MID(B33,FIND(" ",B33) + 1,FIND(CHAR(160),SUBSTITUTE(B33," ",CHAR(160),2)) - 1 - (FIND(" ",B33))) -> ROSHFRANS | D33: 2 | F33: 0.4 | G33: 14 | H33: Aceite / Moto
A34: N/A | B34: ACEITE ROSHFRANS 10W-40 SEMISINTETICO (MOTO) | C34: =MID(B34,FIND(" ",B34) + 1,FIND(CHAR(160),SUBSTITUTE(B34," ",CHAR(160),2)) - 1 - (FIND(" ",B34))) -> ROSHFRANS | D34: 0 | F34: 0.4 | G34: 16 | H34: Aceite / Moto
A35: 7501390569410 | B35: ACEITE ROSHFRANS 10W-50 4T 100% SINTETICO (946ml) (MOTO) | C35: =MID(B35,FIND(" ",B35) + 1,FIND(CHAR(160),SUBSTITUTE(B35," ",CHAR(160),2)) - 1 - (FIND(" ",B35))) -> ROSHFRANS | D35: {=XLOOKUP(B35, Inventario_viejo!A:A, Inventario_viejo!B:B, "No encontrado",1,1)} -> 26 | F35: 0.4 | G35: 18 | H35: Aceite / Moto
A36: N/A | B36: ACEITE MOTUL 3000 20W/50 MINERAL (MOTO) | C36: =MID(B36,FIND(" ",B36) + 1,FIND(CHAR(160),SUBSTITUTE(B36," ",CHAR(160),2)) - 1 - (FIND(" ",B36))) -> MOTUL | D36: 0 | F36: 0.4 | G36: 18 | H36: Aceite / Moto
A37: 3374650247205 | B37: ACEITE MOTUL 5100 15W/50 SIMISINTETICO (1L) (MOTO) | C37: =MID(B37,FIND(" ",B37) + 1,FIND(CHAR(160),SUBSTITUTE(B37," ",CHAR(160),2)) - 1 - (FIND(" ",B37))) -> MOTUL | D37: 2 | G37: 23 | H37: Aceite / Moto
A38: 3700142305120 | B38: ACEITE IPONE 15W/50 SEMISINTETICO (1L )(MOTO) | C38: =MID(B38,FIND(" ",B38) + 1,FIND(CHAR(160),SUBSTITUTE(B38," ",CHAR(160),2)) - 1 - (FIND(" ",B38))) -> IPONE | D38: 5 | G38: 20 | H38: Aceite / Moto
A39: 3700142304994 | B39: ACEITE IPONE 20W/50 SEMISINTETICO (1L) (MOTO) | C39: =MID(B39,FIND(" ",B39) + 1,FIND(CHAR(160),SUBSTITUTE(B39," ",CHAR(160),2)) - 1 - (FIND(" ",B39))) -> IPONE | D39: 5 | F39: 0.4 | G39: 20 | H39: Aceite / Moto
A40: 2140009127 | B40: ACEITE SHELL 20W/50 PREMIUM MINERAL 4T (1L) (MOTO) | C40: SHELL | D40: 4 | G40: 18 | H40: Aceite / Moto
A41: 7898319235571 | B41: ACEITE BLUE1 15W/40 MINERAL | C41: =MID(B42,FIND(" ",B42) + 1,FIND(CHAR(160),SUBSTITUTE(B42," ",CHAR(160),2)) - 1 - (FIND(" ",B42))) -> BLUE1 | D41: {=XLOOKUP(B41, Inventario_viejo!A:A, Inventario_viejo!B:B, "No encontrado",1,1)} -> 12 | F41: 0.3 | G41: 15 | H41: Aceite / Motor
A42: 78998319231153 | B42: ACEITE BLUE1 20W/50 MINERAL | C42: =MID(B42,FIND(" ",B42) + 1,FIND(CHAR(160),SUBSTITUTE(B42," ",CHAR(160),2)) - 1 - (FIND(" ",B42))) -> BLUE1 | D42: 2 | F42: 0.3 | G42: 15 | H42: Aceite / Motor
A43: 7898319231627 | B43: ACEITE BLUE1 MAX 25W/60 MINERAL | C43: =MID(B43,FIND(" ",B43) + 1,FIND(CHAR(160),SUBSTITUTE(B43," ",CHAR(160),2)) - 1 - (FIND(" ",B43))) -> BLUE1 | D43: 5 | F43: 0.3 | G43: 15 | H43: Aceite / Motor
A44: 7898319233102 | B44: ACEITE BLUE1 5W/30 SEMISINTETICO | C44: =MID(B44,FIND(" ",B44) + 1,FIND(CHAR(160),SUBSTITUTE(B44," ",CHAR(160),2)) - 1 - (FIND(" ",B44))) -> BLUE1 | D44: {=XLOOKUP(B44, Inventario_viejo!A:A, Inventario_viejo!B:B, "No encontrado",1,1)} -> 1 | F44: 0.3 | G44: 15 | H44: Aceite / Motor
A45: 7898319235663 | B45: ACEITE BLUE1 10W/30 SEMISINTETICO | C45: =MID(B45,FIND(" ",B45) + 1,FIND(CHAR(160),SUBSTITUTE(B45," ",CHAR(160),2)) - 1 - (FIND(" ",B45))) -> BLUE1 | D45: {=XLOOKUP(B45, Inventario_viejo!A:A, Inventario_viejo!B:B, "No encontrado",1,1)} -> 12 | F45: 0.3 | G45: 15 | H45: Aceite / Motor
A46: 7898319231337 | B46: ACEITE BLUE1 15W/40 SEMISINTETICO | C46: =MID(B46,FIND(" ",B46) + 1,FIND(CHAR(160),SUBSTITUTE(B46," ",CHAR(160),2)) - 1 - (FIND(" ",B46))) -> BLUE1 | D46: 0 | F46: 0.3 | G46: 15 | H46: Aceite / Motor
A47: N/A | B47: ACEITE CHRONUS 20W/50 MINERAL | C47: =MID(B47,FIND(" ",B47) + 1,FIND(CHAR(160),SUBSTITUTE(B47," ",CHAR(160),2)) - 1 - (FIND(" ",B47))) -> CHRONUS | D47: 0 | F47: 0.3 | G47: 15 | H47: Aceite / Motor
A48: N/A | B48: ACEITE CHRONUS 15W/40 SEMISINTETICO | C48: =MID(B48,FIND(" ",B48) + 1,FIND(CHAR(160),SUBSTITUTE(B48," ",CHAR(160),2)) - 1 - (FIND(" ",B48))) -> CHRONUS | D48: 0 | F48: 0.3 | G48: 14 | H48: Aceite / Motor
A49: 7598188000972 | B49: ACEITE CHRONUS 20W/50 SEMISINTETICO | C49: =MID(B49,FIND(" ",B49) + 1,FIND(CHAR(160),SUBSTITUTE(B49," ",CHAR(160),2)) - 1 - (FIND(" ",B49))) -> CHRONUS | D49: 4 | F49: 0.3 | G49: 15 | H49: Aceite / Motor
A50: 816645010652 | B50: ACEITE DAUER 10W/30 SEMISINTETICO | C50: =MID(B50,FIND(" ",B50) + 1,FIND(CHAR(160),SUBSTITUTE(B50," ",CHAR(160),2)) - 1 - (FIND(" ",B50))) -> DAUER | D50: 10 | F50: 0.3 | G50: 15 | H50: Aceite / Motor
A51: 816645012991 | B51: ACEITE DAUER 15W/40 SEMISINTETICO | C51: =MID(B51,FIND(" ",B51) + 1,FIND(CHAR(160),SUBSTITUTE(B51," ",CHAR(160),2)) - 1 - (FIND(" ",B51))) -> DAUER | D51: 11 | F51: 0.3 | G51: 15 | H51: Aceite / Motor
A52: N/A | B52: ACEITE DAUER 5W/30 SINTETICO | C52: =MID(B52,FIND(" ",B52) + 1,FIND(CHAR(160),SUBSTITUTE(B52," ",CHAR(160),2)) - 1 - (FIND(" ",B52))) -> DAUER | D52: 0 | F52: 0.3 | G52: 15 | H52: Aceite / Motor
A53: 4036021524115 | B53: ACEITE FANFARO 20W/50 MINERAL | C53: =MID(B53,FIND(" ",B53) + 1,FIND(CHAR(160),SUBSTITUTE(B53," ",CHAR(160),2)) - 1 - (FIND(" ",B53))) -> FANFARO | D53: 10 | F53: 0.5 | G53: 11 | H53: Aceite / Motor
A54: 7596433035496 | B54: ACEITE FC 20W/50 MINERAL | C54: =MID(B54,FIND(" ",B54) + 1,FIND(CHAR(160),SUBSTITUTE(B54," ",CHAR(160),2)) - 1 - (FIND(" ",B54))) -> FC | D54: {=XLOOKUP(B54, Inventario_viejo!A:A, Inventario_viejo!B:B, "No encontrado",1,1)} -> 1 | F54: 0.5 | G54: 11 | H54: Aceite / Motor
A55: 7501247408237 | B55: ACEITE GONHER 20W/50 MINERAL | C55: =MID(B55,FIND(" ",B55) + 1,FIND(CHAR(160),SUBSTITUTE(B55," ",CHAR(160),2)) - 1 - (FIND(" ",B55))) -> GONHER | D55: {=XLOOKUP(B55, Inventario_viejo!A:A, Inventario_viejo!B:B, "No encontrado",1,1)} -> 8 | F55: 0.3 | G55: 13 | H55: Aceite / Motor
A56: 7501247410506 | B56: ACEITE GONHER 15W/40 SEMISINTETICO | C56: =MID(B56,FIND(" ",B56) + 1,FIND(CHAR(160),SUBSTITUTE(B56," ",CHAR(160),2)) - 1 - (FIND(" ",B56))) -> GONHER | D56: 14 | F56: 0.3 | G56: 14 | H56: Aceite / Motor
A57: 6290360820415 | B57: ACEITE GULF 20W/50 MINERAL | C57: =MID(B57,FIND(" ",B57) + 1,FIND(CHAR(160),SUBSTITUTE(B57," ",CHAR(160),2)) - 1 - (FIND(" ",B57))) -> GULF | D57: {=XLOOKUP(B57, Inventario_viejo!A:A, Inventario_viejo!B:B, "No encontrado",1,1)} -> 9 | F57: 0.3 | G57: 15 | H57: Aceite / Motor
A58: 6290360820675 | B58: ACEITE GULF 15W/40 SEMISINTETICO | C58: =MID(B58,FIND(" ",B58) + 1,FIND(CHAR(160),SUBSTITUTE(B58," ",CHAR(160),2)) - 1 - (FIND(" ",B58))) -> GULF | D58: {=XLOOKUP(B58, Inventario_viejo!A:A, Inventario_viejo!B:B, "No encontrado",1,1)} -> 11 | F58: 0.3 | G58: 15 | H58: Aceite / Motor
A59: N/A | B59: ACEITE HIBRYD 10W/30 SINTETICO | C59: =MID(B59,FIND(" ",B59) + 1,FIND(CHAR(160),SUBSTITUTE(B59," ",CHAR(160),2)) - 1 - (FIND(" ",B59))) -> HIBRYD | D59: {=XLOOKUP(B59, Inventario_viejo!A:A, Inventario_viejo!B:B, "No encontrado",1,1)} -> 2 | F59: 0.3 | G59: 13 | H59: Aceite / Motor
A60: N/A | B60: ACEITE HIBRYD 20W/50 MINERAL | C60: =MID(B60,FIND(" ",B60) + 1,FIND(CHAR(160),SUBSTITUTE(B60," ",CHAR(160),2)) - 1 - (FIND(" ",B60))) -> HIBRYD | D60: 8 | G60: 11 | H60: Aceite / Motor
A61: 7592381001262 | B61: ACEITE INCA 15W/40 MINERAL | C61: =MID(B61,FIND(" ",B61) + 1,FIND(CHAR(160),SUBSTITUTE(B61," ",CHAR(160),2)) - 1 - (FIND(" ",B61))) -> INCA | D61: 6 | F61: 0.3 | G61: 14 | H61: Aceite / Motor
A62: 7592381001095 | B62: ACEITE INCA 20W/50 MINERAL | C62: =MID(B62,FIND(" ",B62) + 1,FIND(CHAR(160),SUBSTITUTE(B62," ",CHAR(160),2)) - 1 - (FIND(" ",B62))) -> INCA | D62: 3 | G62: 14 | H62: Aceite / Motor
A63: 7592381001286 | B63: ACEITE INCA 10W/30 SEMISINTETICO | C63: =MID(B63,FIND(" ",B63) + 1,FIND(CHAR(160),SUBSTITUTE(B63," ",CHAR(160),2)) - 1 - (FIND(" ",B63))) -> INCA | D63: 7 | F63: 0.3 | G63: 15 | H63: Aceite / Motor
A64: 7592381001293 | B64: ACEITE INCA 15W/40 SEMISINTETICO | C64: =MID(B64,FIND(" ",B64) + 1,FIND(CHAR(160),SUBSTITUTE(B64," ",CHAR(160),2)) - 1 - (FIND(" ",B64))) -> INCA | D64: 3 | F64: 0.3 | G64: 15 | H64: Aceite / Motor
A65: 7592381001279 | B65: ACEITE INCA 20W/50 SEMISINTETICO | C65: =MID(B65,FIND(" ",B65) + 1,FIND(CHAR(160),SUBSTITUTE(B65," ",CHAR(160),2)) - 1 - (FIND(" ",B65))) -> INCA | D65: 7 | G65: 15 | H65: Aceite / Motor
A66: 729208126038 | B66: ACEITE INGRALUB 20W/50 MINERAL | C66: =MID(B66,FIND(" ",B66) + 1,FIND(CHAR(160),SUBSTITUTE(B66," ",CHAR(160),2)) - 1 - (FIND(" ",B66))) -> INGRALUB | D66: 10 | F66: 0.3 | G66: 11 | H66: Aceite / Motor
A67: 729208126090 | B67: ACEITE INGRALUB 15W/40 SEMISINTETICO | C67: =MID(B67,FIND(" ",B67) + 1,FIND(CHAR(160),SUBSTITUTE(B67," ",CHAR(160),2)) - 1 - (FIND(" ",B67))) -> INGRALUB | D67: 10 | F67: 0.3 | G67: 12 | H67: Aceite / Motor
A68: 7593186001679 | B68: ACEITE KRS 15W/40 MINERAL | C68: =MID(B68,FIND(" ",B68) + 1,FIND(CHAR(160),SUBSTITUTE(B68," ",CHAR(160),2)) - 1 - (FIND(" ",B68))) -> KRS | D68: 11 | F68: 0.3 | G68: 12 | H68: Aceite / Motor
A69: 7593186001686 | B69: ACEITE KRS 20W/50 MINERAL | C69: =MID(B69,FIND(" ",B69) + 1,FIND(CHAR(160),SUBSTITUTE(B69," ",CHAR(160),2)) - 1 - (FIND(" ",B69))) -> KRS | D69: 10 | F69: 0.3 | G69: 12 | H69: Aceite / Motor
A70: 7593186001693 | B70: ACEITE KRS 15W/40 SEMISINTETICO | C70: =MID(B70,FIND(" ",B70) + 1,FIND(CHAR(160),SUBSTITUTE(B70," ",CHAR(160),2)) - 1 - (FIND(" ",B70))) -> KRS | D70: 18 | F70: 0.3 | G70: 13 | H70: Aceite / Motor
A71: 7593186001709 | B71: ACEITE KRS 20W/50 SEMISINTETICO | C71: =MID(B71,FIND(" ",B71) + 1,FIND(CHAR(160),SUBSTITUTE(B71," ",CHAR(160),2)) - 1 - (FIND(" ",B71))) -> KRS | D71: 12 | F71: 0.3 | G71: 13 | H71: Aceite / Motor
A72: N/A | B72: ACEITE LMV OPAL 15W/40 MINERAL | C72: =MID(B72,FIND(" ",B72) + 1,FIND(CHAR(160),SUBSTITUTE(B72," ",CHAR(160),2)) - 1 - (FIND(" ",B72))) -> LMV | D72: 0 | F72: 0.3 | G72: 11 | H72: Aceite / Motor
A73: 7593186000528 | B73: ACEITE LMV TEFLOLUB 20W/50 MINERAL | C73: =MID(B73,FIND(" ",B73) + 1,FIND(CHAR(160),SUBSTITUTE(B73," ",CHAR(160),2)) - 1 - (FIND(" ",B73))) -> LMV | D73: {=XLOOKUP(B73, Inventario_viejo!A:A, Inventario_viejo!B:B, "No encontrado",1,1)} -> 6 | F73: 0.3 | G73: 11 | H73: Aceite / Motor
A74: N/A | B74: ACEITE LMV PALADIUM 20W/50 MINERAL | C74: =MID(B74,FIND(" ",B74) + 1,FIND(CHAR(160),SUBSTITUTE(B74," ",CHAR(160),2)) - 1 - (FIND(" ",B74))) -> LMV | D74: 0 | F74: 0.3 | G74: 11 | H74: Aceite / Motor
A75: 6290101123874 | B75: ACEITE LUBREX 20W/50 MINERAL | C75: =MID(B75,FIND(" ",B75) + 1,FIND(CHAR(160),SUBSTITUTE(B75," ",CHAR(160),2)) - 1 - (FIND(" ",B75))) -> LUBREX | D75: {=XLOOKUP(B75, Inventario_viejo!A:A, Inventario_viejo!B:B, "No encontrado",1,1)} -> 11 | F75: 0.3 | G75: 11 | H75: Aceite / Motor
A76: 6290101132524 | B76: ACEITE LUBREX 15W/40 SEMISINTETICO | C76: =MID(B76,FIND(" ",B76) + 1,FIND(CHAR(160),SUBSTITUTE(B76," ",CHAR(160),2)) - 1 - (FIND(" ",B76))) -> LUBREX | D76: {=XLOOKUP(B76, Inventario_viejo!A:A, Inventario_viejo!B:B, "No encontrado",1,1)} -> 12 | F76: 0.3 | G76: 12 | H76: Aceite / Motor
A77: N/A | B77: ACEITE LUBREX 10W/30 SEMISINTETICO | C77: =MID(B77,FIND(" ",B77) + 1,FIND(CHAR(160),SUBSTITUTE(B77," ",CHAR(160),2)) - 1 - (FIND(" ",B77))) -> LUBREX | D77: 0 | F77: 0 | G77: 0 | H77: Aceite / Motor
A78: 7426967645031 | B78: ACEITE LUBRIKON 20W/50 MINERAL | C78: =MID(B78,FIND(" ",B78) + 1,FIND(CHAR(160),SUBSTITUTE(B78," ",CHAR(160),2)) - 1 - (FIND(" ",B78))) -> LUBRIKON | D78: 4 | F78: 0.5 | G78: 11 | H78: Aceite / Motor
A79: 7704790204954 | B79: ACEITE MOBIL 1000 SUPER 20W/50 MINERAL | C79: =MID(B79,FIND(" ",B79) + 1,FIND(CHAR(160),SUBSTITUTE(B79," ",CHAR(160),2)) - 1 - (FIND(" ",B79))) -> MOBIL | D79: 1 | F79: 0.3 | G79: 14 | H79: Aceite / Motor
A80: 7704790204916 | B80: ACEITE MOBIL 2000 SUPER 5W/30 SEMISINTETICO | C80: =MID(B80,FIND(" ",B80) + 1,FIND(CHAR(160),SUBSTITUTE(B80," ",CHAR(160),2)) - 1 - (FIND(" ",B80))) -> MOBIL | D80: 11 | F80: 0.3 | G80: 15 | H80: Aceite / Motor
A81: 7704790204862 | B81: ACEITE MOBIL 2000 SUPER 10W/30 SEMISINTETICO | C81: =MID(B81,FIND(" ",B81) + 1,FIND(CHAR(160),SUBSTITUTE(B81," ",CHAR(160),2)) - 1 - (FIND(" ",B81))) -> MOBIL | D81: 11 | F81: 0.3 | G81: 15 | H81: Aceite / Motor
A82: 7704790206064 | B82: ACEITE MOBIL DELVAC 15W/40 SEMISINTETICO | C82: =MID(B82,FIND(" ",B82) + 1,FIND(CHAR(160),SUBSTITUTE(B82," ",CHAR(160),2)) - 1 - (FIND(" ",B82))) -> MOBIL | D82: 6 | F82: 0.3 | G82: 15 | H82: Aceite / Motor
A83: 031508054684 | B83: ACEITE MOTORCRAFT 5W/30 SEMISINTETICO | C83: =MID(B83,FIND(" ",B83) + 1,FIND(CHAR(160),SUBSTITUTE(B83," ",CHAR(160),2)) - 1 - (FIND(" ",B83))) -> MOTORCRAFT | D83: 12 | F83: 0.3 | G83: 15 | H83: Aceite / Motor
A84: 031508054615 | B84: ACEITE MOTORCRAFT 10W/30 SEMISINTETICO | C84: =MID(B84,FIND(" ",B84) + 1,FIND(CHAR(160),SUBSTITUTE(B84," ",CHAR(160),2)) - 1 - (FIND(" ",B84))) -> MOTORCRAFT | D84: 12 | F84: 0.3 | G84: 15 | H84: Aceite / Motor
A85: 3374650416595 | B85: ACEITE MOTUL 2000 PROTEC 20W/50 MINERAL | C85: =MID(B85,FIND(" ",B85) + 1,FIND(CHAR(160),SUBSTITUTE(B85," ",CHAR(160),2)) - 1 - (FIND(" ",B85))) -> MOTUL | D85: 11 | F85: 0.3 | G85: 18 | H85: Aceite / Motor
A86: 3374650420042 | B86: ACEITE MOTUL 4100 SYN-NERGY 10W/30 SEMISINTETICO | C86: =MID(B86,FIND(" ",B86) + 1,FIND(CHAR(160),SUBSTITUTE(B86," ",CHAR(160),2)) - 1 - (FIND(" ",B86))) -> MOTUL | D86: 12 | F86: 0.3 | G86: 19 | H86: Aceite / Motor
A87: 3374650415949 | B87: ACEITE MOTUL 4100 SYN-NERGY 15W/40 SINTETICO | C87: =MID(B87,FIND(" ",B87) + 1,FIND(CHAR(160),SUBSTITUTE(B87," ",CHAR(160),2)) - 1 - (FIND(" ",B87))) -> MOTUL | D87: 23 | F87: 0.3 | G87: 19 | H87: Aceite / Motor
A88: 3374650281667 | B88: ACEITE MOTUL 8100 ECO-LITE 0W/20 SINTETICO | C88: =MID(B88,FIND(" ",B88) + 1,FIND(CHAR(160),SUBSTITUTE(B88," ",CHAR(160),2)) - 1 - (FIND(" ",B88))) -> MOTUL | D88: {=XLOOKUP(B88, Inventario_viejo!A:A, Inventario_viejo!B:B, "No encontrado",1,1)} -> 1 | F88: 0.3 | G88: 25 | H88: Aceite / Motor
A89: 7593597002928 | B89: ACEITE OILSTONE 15W/40 MINERAL | C89: =MID(B89,FIND(" ",B89) + 1,FIND(CHAR(160),SUBSTITUTE(B89," ",CHAR(160),2)) - 1 - (FIND(" ",B89))) -> OILSTONE | D89: 10 | F89: 0.3 | G89: 12 | H89: Aceite / Motor
A90: 7593597000940 | B90: ACEITE OILSTONE 20W/50 MINERAL | C90: =MID(B90,FIND(" ",B90) + 1,FIND(CHAR(160),SUBSTITUTE(B90," ",CHAR(160),2)) - 1 - (FIND(" ",B90))) -> OILSTONE | D90: 9 | F90: 0.3 | G90: 12 | H90: Aceite / Motor
A91: 7593597000957 | B91: ACEITE OILSTONE 25W/60 MINERAL | C91: =MID(B91,FIND(" ",B91) + 1,FIND(CHAR(160),SUBSTITUTE(B91," ",CHAR(160),2)) - 1 - (FIND(" ",B91))) -> OILSTONE | D91: 3 | F91: 0.3 | G91: 11 | H91: Aceite / Motor
A92: 7593597005365 | B92: ACEITE OILSTONE R500 15W/40 SEMISINTETICO | C92: =MID(B92,FIND(" ",B92) + 1,FIND(CHAR(160),SUBSTITUTE(B92," ",CHAR(160),2)) - 1 - (FIND(" ",B92))) -> OILSTONE | D92: 8 | F92: 0.3 | G92: 11 | H92: Aceite / Motor
A93: 7593891000028 | B93: ACEITE OILVEN SUPER PREMIUN 20W/50 MINERAL | C93: =MID(B93,FIND(" ",B93) + 1,FIND(CHAR(160),SUBSTITUTE(B93," ",CHAR(160),2)) - 1 - (FIND(" ",B93))) -> OILVEN | D93: 7 | F93: 0.3 | G93: 11 | H93: Aceite / Motor
A94: 7593891003340 | B94: ACEITE OILVEN 10W/30 SEMISINTETICO | C94: =MID(B94,FIND(" ",B94) + 1,FIND(CHAR(160),SUBSTITUTE(B94," ",CHAR(160),2)) - 1 - (FIND(" ",B94))) -> OILVEN | D94: 5 | F94: 0.3 | G94: 12 | H94: Aceite / Motor
A95: 7593891000387 | B95: ACEITE OILVEN 15W/40 SEMISINTETICO | C95: =MID(B95,FIND(" ",B95) + 1,FIND(CHAR(160),SUBSTITUTE(B95," ",CHAR(160),2)) - 1 - (FIND(" ",B95))) -> OILVEN | D95: 5 | F95: 0.3 | G95: 12 | H95: Aceite / Motor
A96: 7593891000394 | B96: ACEITE OILVEN 20W/50 SEMISINTETICO | C96: =MID(B96,FIND(" ",B96) + 1,FIND(CHAR(160),SUBSTITUTE(B96," ",CHAR(160),2)) - 1 - (FIND(" ",B96))) -> OILVEN | D96: 10 | F96: 0.3 | G96: 12 | H96: Aceite / Motor
A97: N/A | B97: ACEITE PDV 15W/40 SEMISINTETICO | C97: =MID(B97,FIND(" ",B97) + 1,FIND(CHAR(160),SUBSTITUTE(B97," ",CHAR(160),2)) - 1 - (FIND(" ",B97))) -> PDV | D97: 0 | F97: 0.3 | G97: 15 | H97: Aceite / Motor
A98: N/A | B98: ACEITE PROFORCE 20W/50 MINERAL | C98: =MID(B98,FIND(" ",B98) + 1,FIND(CHAR(160),SUBSTITUTE(B98," ",CHAR(160),2)) - 1 - (FIND(" ",B98))) -> PROFORCE | D98: 5 | F98: 0.5 | G98: 9 | H98: Aceite / Motor
A99: 7501390569380 | B99: ACEITE ROSHFRANS 20W/50 MINERAL | C99: =MID(B99,FIND(" ",B99) + 1,FIND(CHAR(160),SUBSTITUTE(B99," ",CHAR(160),2)) - 1 - (FIND(" ",B99))) -> ROSHFRANS | D99: 2 | F99: 0.3 | G99: 16 | H99: Aceite / Motor
A100: 7501390515028 | B100: ACEITE ROSHFRANS 15W/40 SEMISINTETICO | C100: =MID(B100,FIND(" ",B100) + 1,FIND(CHAR(160),SUBSTITUTE(B100," ",CHAR(160),2)) - 1 - (FIND(" ",B100))) -> ROSHFRANS | D100: 4 | F100: 0.3 | G100: 16 | H100: Aceite / Motor
... A112: 021400086685 | B112: ACEITE SHELL 5W/20 SEMISINTETICO (GARRAFA) | C112: =MID(B112,FIND(" ",B112) + 1,FIND(CHAR(160),SUBSTITUTE(B112," ",CHAR(160),2)) - 1 - (FIND(" ",B112))) -> SHELL | D112: 1 | F112: 0.3 | G112: 76 | H112: Aceite / Motor
...

Sheet Inventario_viejo
A1: ESTANTE LARSSON
A2: PRODUCTOS | B2: CANTIDAD | C2: P.UNIT | D2: VENDIDOS | E2: TOTAL | F2: IMPUESTOS | G2: SUBTOTAL | H2: TOTAL DÓLAR | I2: TOTAL
A3: CEPILLO LARSSON REAR TECH 8" | B3: 0 | C3: 2 | D3: 0 | E3: =+B3-D3 -> 0 | F3: 0.4 | G3: =C3+(C3*F3) -> 2.8 | H3: 10 | I3: =+E3*H3 -> 0
A4: CEPILLO LARSSON REAR TECH 9" | B4: 0 | C4: 2 | D4: 0 | E4: =+B4-D4 -> 0 | F4: 0.4 | G4: =C4+(C4*F4) -> 2.8 | H4: 10 | I4: =+E4*H4 -> 0
A5: CEPILLO LARSSON REAR TECH 10" | B5: 4 | C5: 2.27 | D5: 0 | E5: =+B5-D5 -> 4 | F5: 0.4 | G5: =C5+(C5*F5) -> 3.178 | H5: 10 | I5: =+E5*H5 -> 40
A6: CEPILLO LARSSON REAR TECH 11" | B6: 2 | C6: 2.31 | D6: 0 | E6: =+B6-D6 -> 2 | F6: 0.4 | G6: =C6+(C6*F6) -> 3.234 | H6: 10 | I6: =+E6*H6 -> 20
A7: CEPILLO LARSSON REAR TECH 12" | B7: 3 | C7: 2.31 | D7: 0 | E7: =+B7-D7 -> 3 | F7: 0.4 | G7: =C7+(C7*F7) -> 3.234 | H7: 10 | I7: =+E7*H7 -> 30
A8: CEPILLO LARSSON REAR TECH 13" | B8: 2 | C8: 2.47 | D8: 0 | E8: =+B8-D8 -> 2 | F8: 0.4 | G8: =C8+(C8*F8) -> 3.458 | H8: 10 | I8: =+E8*H8 -> 20
A9: CEPILLO LARSSON REAR TECH 14" | B9: 4 | C9: 2 | D9: 0 | E9: =+B9-D9 -> 4 | F9: 0.4 | G9: =C9+(C9*F9) -> 2.8 | H9: 10 | I9: =+E9*H9 -> 40
A10: CEPILLO LARSSON FLEX TECH 12" | B10: 6 | C10: 2.9 | D10: 0 | E10: =+B10-D10 -> 6 | F10: 0.4 | G10: =C10+(C10*F10) -> 4.06 | H10: 10 | I10: =+E10*H10 -> 60
A11: CEPILLO LARSSON FLEX TECH 13" | B11: 7 | C11: 2.9 | D11: 0 | E11: =+B11-D11 -> 7 | F11: 0.4 | G11: =C11+(C11*F11) -> 4.06 | H11: 10 | I11: =+E11*H11 -> 70
A12: CEPILLO LARSSON FLEX TECH 14" | B12: 7 | C12: 2.99 | D12: 0 | E12: =+B12-D12 -> 7 | F12: 0.4 | G12: =C12+(C12*F12) -> 4.186 | H12: 10 | I12: =+E12*H12 -> 70
A13: CEPILLO LARSSON FLEX TECH 15" | B13: 5 | C13: 3.04 | D13: 0 | E13: =+B13-D13 -> 5 | F13: 0.4 | G13: =C13+(C13*F13) -> 4.256 | H13: 10 | I13: =+E13*H13 -> 50
A14: CEPILLO LARSSON FLEX TECH 16" | B14: 5 | C14: 3.11 | D14: 0 | E14: =+B14-D14 -> 5 | F14: 0.4 | G14: =C14+(C14*F14) -> 4.354 | H14: 10 | I14: =+E14*H14 -> 50
... A33: CEPILLO LARSSON ROBOT TECH 26" | B33: 1 | C33: 4.31 | D33: 0 | E33: =+B33-D33 -> 1 | F33: 0.4 | G33: =C33+(C33*F33) -> 6.034 | H33: 11 | I33: =+E33*H33 -> 11
B34: =SUM(B3:B33) -> 115 | H34: TOTAL | I34: =SUM(I3:I33) -> 1205
A36: CARRITO DE 4 TRAMOS
A37: PRODUCTOS | B37: CANTIDAD | C37: P.UNIT | D37: VENDIDOS | E37: TOTAL | F37: IMPUESTOS | G37: SUBTOTAL | H37: TOTAL DÓLAR | I37: TOTAL
A38: LIMPIA CAUCHOS SQ (440cm) | B38: 4 | C38: 8.28 | D38: 0 | E38: =+B38-D38 -> 4 | F38: 0.4 | G38: =C38+(C38*F38) -> 11.592 | H38: 12 | I38: =+E38*H38 -> 48
A39: LIMPIA MOTOR SQ (354cm) | B39: 7 | C39: 6.33 | D39: 0 | E39: =+B39-D39 -> 7 | F39: 0.4 | G39: =C39+(C39*F39) -> 8.862 | H39: 10 | I39: =+E39*H39 -> 70
A40: LIMPIA CARBURADOR SQ (354cm) | B40: 2 | C40: 6.64 | D40: 0 | E40: =+B40-D40 -> 2 | F40: 0.4 | G40: =C40+(C40*F40) -> 9.296 | H40: 10 | I40: =+E40*H40 -> 20
A41: LIMPIA TAPICERIA VELOUR (354cm) | B41: 2 | C41: 3.15 | D41: 0 | E41: =+B41-D41 -> 2 | F41: 0.4 | G41: =C41+(C41*F41) -> 4.41 | H41: 13 | I41: =+E41*H41 -> 26
A42: LIMPIADOR DE CUERO SQ (360cm) | B42: 1 | C42: 3.15 | D42: 0 | E42: =+B42-D42 -> 1 | F42: 0.4 | G42: =C42+(C42*F42) -> 4.41 | H42: 13 | I42: =+E42*H42 -> 13
A43: SILICON ABRILLANTADOR MORADO SQ (SPRAY) (354cm) | B43: 2 | C43: 4.05 | D43: 0 | E43: =+B43-D43 -> 2 | F43: 0.4 | G43: =C43+(C43*F43) -> 5.67 | H43: 9 | I43: =+E43*H43 -> 18
A44: SILICON ABRILLANTADOR VERDE SQ (SPRAY) (354cm) | B44: 1 | C44: 4.05 | D44: 0 | E44: =+B44-D44 -> 1 | F44: 0.4 | G44: =C44+(C44*F44) -> 5.67 | H44: 9 | I44: =+E44*H44 -> 9
A45: SILICON ABRILLANTADOR ROJO SQ (SPRAY) (354cm) | B45: 1 | C45: 4.05 | D45: 0 | E45: =+B45-D45 -> 1 | F45: 0.4 | G45: =C45+(C45*F45) -> 5.67 | H45: 9 | I45: =+E45*H45 -> 9
A46: SILIFLON SQ (MOTOS) | B46: 4 | C46: 5.95 | D46: 0 | E46: =+B46-D46 -> 4 | F46: 0.4 | G46: =C46+(C46*F46) -> 8.33 | H46: 9 | I46: =+E46*H46 -> 36
A47: ACEITE 5X1 SQ (GOTERO) | B47: 1 | C47: 2.15 | D47: 0 | E47: =+B47-D47 -> 1 | F47: 0.4 | G47: =C47+(C47*F47) -> 3.01 | H47: 6 | I47: =+E47*H47 -> 6
A48: ACEITE 5X1 SQ (SPRAY) | B48: 2 | C48: 3.8 | D48: 0 | E48: =+B48-D48 -> 2 | F48: 0.4 | G48: =C48+(C48*F48) -> 5.32 | H48: 9 | I48: =+E48*H48 -> 18
A49: FORMULA MECANICA SQ (354cm) | B49: 4 | C49: 3.45 | D49: 0 | E49: =+B49-D49 -> 4 | F49: 0.4 | G49: =C49+(C49*F49) -> 4.83 | H49: 10 | I49: =+E49*H49 -> 40
... A59: WD-40 AEROSOL 8 ONZAS | B59: 1 | C59: 5.25 | D59: 0 | E59: =+B59-D59 -> 1 | F59: 0.4 | G59: =C59+(C59*F59) -> 7.35 | H59: 15 | I59: =+E59*H59 -> 15
A60: TRATAMIENTO CAJA DE CAMBIOS TRATAUTO | B60: 0 | C60: 5.25 | F60: 0.3 | G60: =C60+(C60*F60) -> 6.825 | H60: 25 | I60: =+E60*H60 -> 0
A61: TRATAMIENTO ANTIFRICCION POWER METAL TRATAUTO (MOTOR) | B61: 2 | C61: 5.25 | D61: 0 | E61: =+B61-D61 -> 2 | F61: 0.3 | G61: =C61+(C61*F61) -> 6.825 | H61: 25 | I61: =+E61*H61 -> 50
A62: SUPER MULTIUSO TODO EN 1 TRATAUTO (600 ml) | B62: 3 | C62: 5.25 | D62: 0 | E62: =+B62-D62 -> 3 | F62: 0.3 | G62: =C62+(C62*F62) -> 6.825 | H62: 20 | I62: =+E62*H62 -> 60
A63: LIMPIADOR DE FRENOS TRATAUTO (550 ml) | B63: 3 | C63: 5.25 | D63: 0 | E63: =+B63-D63 -> 3 | F63: 0.3 | G63: =C63+(C63*F63) -> 6.825 | H63: 14 | I63: =+E63*H63 -> 42
A64: LIMPIADOR DE TAPICERIA TRATAUTO (400 ml) | B64: 1 | C64: 5.25 | D64: 0 | E64: =+B64-D64 -> 1 | F64: 0.3 | G64: =C64+(C64*F64) -> 6.825 | H64: 17 | I64: =+E64*H64 -> 17
A65: NEUTRALIZADOR DE OLORES TRATAUTO (300 ml) | B65: 1 | C65: 5.25 | D65: 0 | E65: =+B65-D65 -> 1 | F65: 0.4 | G65: =C65+(C65*F65) -> 7.35 | H65: 15 | I65: =+E65*H65 -> 15
A66: LIMPIA INYECTORES GASOLINA TRATAUTO (300 ml) | B66: 1 | C66: 5.25 | D66: 0 | E66: =+B66-D66 -> 1 | F66: 0.4 | G66: =C66+(C66*F66) -> 7.35 | H66: 18 | I66: =+E66*H66 -> 18
A67: POWER OCTANE BOOSTER TRATAUTO (150 ml) | B67: 1 | C67: 5.25 | D67: 0 | E67: =+B67-D67 -> 1 | F67: 0.4 | G67: =C67+(C67*F67) -> 7.35 | H67: 11 | I67: =+E67*H67 -> 11
A68: PROTECTOR ABRILLANTADOR SPRAY ARMORALL (295ml) | B68: 2 | C68: 5.25 | D68: 0 | E68: =+B68-D68 -> 2 | F68: 0.4 | G68: =C68+(C68*F68) -> 7.35 | H68: 12 | I68: =+E68*H68 -> 24
A69: LIMPIADOR MUTIPROPOSITO ATOMIZADOR ARMORALL (473ml) | B69: 2 | C69: 5.25 | D69: 0 | E69: =+B69-D69 -> 2 | F69: 0.4 | G69: =C69+(C69*F69) -> 7.35 | H69: 13 | I69: =+E69*H69 -> 26
A70: LIMPIACAUCHOS TIRE FOAM ARMORALL (118ml) | B70: 6 | C70: 5.25 | D70: 0 | E70: =+B70-D70 -> 6 | F70: 0.4 | G70: =C70+(C70*F70) -> 7.35 | H70: 5 | I70: =+E70*H70 -> 30
A71: LIMPIACAUCHOS TIRE SHINE SIMPLY AUTO (400ml) | B71: 6 | C71: 5.25 | D71: 0 | E71: =+B71-D71 -> 6 | F71: 0.4 | G71: =C71+(C71*F71) -> 7.35 | H71: 9 | I71: =+E71*H71 -> 54
A72: LIMPIADOR DE CUERO SIMPLY AUTO (400ml) | B72: 6 | C72: 5.25 | D72: 0 | E72: =+B72-D72 -> 6 | F72: 0.4 | G72: =C72+(C72*F72) -> 7.35 | H72: 9 | I72: =+E72*H72 -> 54
A73: LIMPIADOR MULTIPROPOSITO TUFF STUFF (623ml) | B73: 6 | C73: 5.25 | D73: 0 | E73: =+B73-D73 -> 6 | F73: 0.4 | G73: =C73+(C73*F73) -> 7.35 | H73: 16 | I73: =+E73*H73 -> 96
B74: =SUM(B38:B73) -> 92 | I74: =SUM(I38:I73) -> 1007
A76: ESTANTE 7
A77: PRODUCTOS | B77: CANTIDAD | C77: P.UNIT | D77: VENDIDOS | E77: TOTAL | F77: IMPUESTOS | G77: SUBTOTAL | H77: TOTAL DÓLAR | I77: TOTAL
A78: PASTILLAS DE FRENO TOYOTA COROLLA SENSATION 2009-2014 DELANTERAS (04465-02260) | B78: 5 | C78: 10 | D78: 0 | E78: =+B78-D78 -> 5 | F78: 0.4 | G78: =C78+(C78*F78) -> 14 | H78: 30 | I78: =+E78*H78 -> 150
A79: PASTILLAS DE FRENO TOYOTA COROLLA SENSATION 2009-2014 TRASERAS (04466-02180) | B79: 8 | C79: 10 | D79: 0 | E79: =+B79-D79 -> 8 | F79: 0.4 | G79: =C79+(C79*F79) -> 14 | H79: 25 | I79: =+E79*H79 -> 200
A80: PASTILLAS DE FRENO ANKOR HYUNDAI ELANTRA (02-05) / MATRIZ (02-03) D | B80: 1 | C80: 10 | D80: 0 | E80: =+B80-D80 -> 1 | F80: 0.4 | G80: =C80+(C80*F80) -> 14 | H80: 30 | I80: =+E80*H80 -> 30
A81: PASTILLAS DE FRENO ARTI BRAKE (SEMI-METALICA) MITSUBISHI MONTERO D867-7742 | B81: 1 | C81: 10 | D81: 0 | E81: =+B81-D81 -> 1 | F81: 0.4 | G81: =C81+(C81*F81) -> 14 | H81: 30 | I81: =+E81*H81 -> 30
A82: PASTILLAS DE FRENO TSUKASA TOYOTA CAMRY(92-01) - RAV4 - COROLLA(03-07) CELICA(94-97) (SEMI-METALICA) D562-7441 DELANTERAS | B82: 1 | C82: 10 | D82: 0 | E82: =+B82-D82 -> 1 | F82: 0.3 | G82: =C82+(C82*F82) -> 13 | H82: 30 | I82: =+E82*H82 -> 30
A83: PASTILLAS DE FRENO Q-BRAKE (SEMI-METALICA) HONDA CIVIC DELANTERAS 7497-D628 | B83: 1 | C83: 10 | D83: 0 | E83: =+B83-D83 -> 1 | F83: 0.3 | G83: =C83+(C83*F83) -> 13 | H83: 30 | I83: =+E83*H83 -> 30
A84: PASTILLAS DE FRENO Q-BRAKE (SEMI-METALICA) HYUNDAI ACCENT-GETZ-EXCEL DELANTERAS 7376-D497 | B84: 1 | C84: 10 | D84: 0 | E84: =+B84-D84 -> 1 | F84: 0.4 | G84: =C84+(C84*F84) -> 14 | H84: 23 | I84: =+E84*H84 -> 23
A85: PASTILLAS DE FRENO Q-BRAKE (SEMI-METALICA) CHEVROLET SPARK-DAEWOO LANOS-MATIZ DELANTERAS 8433-D1321 | B85: 2 | C85: 10 | D85: 0 | E85: =+B85-D85 -> 2 | F85: 0.4 | G85: =C85+(C85*F85) -> 14 | H85: 23 | I85: =+E85*H85 -> 46
A86: LAPICES BIELETA ESTABILIZADORA AVEO AYD 96391875-1 | B86: 2 | C86: 10 | D86: 0 | E86: =+B86-D86 -> 2 | F86: 0.4 | G86: =C86+(C86*F86) -> 14 | H86: 14 | I86: =+E86*H86 -> 28
A87: MOTOR FLUSH COMMA | B87: 4 | C87: 10 | D87: 0 | E87: =+B87-D87 -> 4 | F87: 0.4 | G87: =C87+(C87*F87) -> 14 | H87: 10 | I87: =+E87*H87 -> 40
A88: MOTOR FLUSH BURACK | B88: 5 | C88: 10 | D88: 0 | E88: =+B88-D88 -> 5 | F88: 0.4 | G88: =C88+(C88*F88) -> 14 | H88: 10 | I88: =+E88*H88 -> 50
A89: RADIADOR FLUSHING COMMA | B89: 2 | C89: 10 | D89: 0 | E89: =+B89-D89 -> 2 | F89: 0.4 | G89: =C89+(C89*F89) -> 14 | H89: 12 | I89: =+E89*H89 -> 24
... A104: ACEITE DAUER M5 ATF SYNTHETIC (946ml) | B104: 2 | C104: 7.3 | D104: 0 | E104: =+B104-D104 -> 2 | F104: 0.4 | G104: =C104+(C104*F104) -> 10.22 | H104: 17 | I104: =+E104*H104 -> 34
A105: ACEITE DAUER CVT ATF SYNTHETIC (946ml) | B105: 6 | C105: 7.3 | D105: 0 | E105: =+B105-D105 -> 6 | F105: 0.4 | G105: =C105+(C105*F105) -> 10.22 | H105: 18 | I105: =+E105*H105 -> 108 | J105: SOLO EN ESTANTE Y MOSTRADOR
A106: ACEITE BLUE1 ATF DX IV (1L) | B106: 6 | C106: 7.3 | D106: 0 | E106: =+B106-D106 -> 6 | F106: 0.4 | G106: =C106+(C106*F106) -> 10.22 | H106: 15 | I106: =+E106*H106 -> 90 | J106: FALTA REVISAR LA CAJA
A107: ACEITE KYOTO CVT FE (946ml) | B107: 6 | C107: 7.3 | D107: 0 | E107: =+B107-D107 -> 6 | F107: 0.4 | G107: =C107+(C107*F107) -> 10.22 | H107: 15 | I107: =+E107*H107 -> 90 | J107: FALTA REVISAR LA CAJA
A108: GRASA GRAFITADA INGRALUB | B108: 7 | C108: 2 | D108: 0 | E108: =+B108-D108 -> 7 | F108: 0.4 | G108: =C108+(C108*F108) -> 2.8 | H108: 7 | I108: =+E108*H108 -> 49
A109: GRASA DE CHASIS INGRALUB | B109: 8 | C109: 1.84 | D109: 0 | E109: =+B109-D109 -> 8 | F109: 0.4 | G109: =C109+(C109*F109) -> 2.576 | H109: 7 | I109: =+E109*H109 -> 56
A110: GRASA DE MULTIPLE TRIPOIDE INGRALUB | B110: 7 | C110: 1.84 | D110: 0 | E110: =+B110-D110 -> 7 | F110: 0.4 | G110: =C110+(C110*F110) -> 2.576 | H110: 8 | I110: =+E110*H110 -> 56
A111: GRASA MULTIPROPOSITO CROIX | B111: 8 | C111: 8 | D111: 0 | E111: =+B111-D111 -> 8 | F111: 0.4 | G111: =C111+(C111*F111) -> 11.2 | H111: 10 | I111: =+E111*H111 -> 80
A112: GRASA ABRO MASTERS | B112: 1 | C112: 8 | D112: 0 | E112: =+B112-D112 -> 1 | F112: 0.4 | G112: =C112+(C112*F112) -> 11.2 | H112: 10 | I112: =+E112*H112 -> 10
A113: LIGA DE FRENOS DOT 3 H&H (290CM) | B113: 9 | D113: 0 | E113: =+B113-D113 -> 9 | F113: 0.4 | G113: =C113+(C113*F113) -> 0 | H113: 6 | I113: =+E113*H113 -> 54
A114: LIGA DE FRENOS DOT 4 H&H (290CM) | B114: 8 | D114: 0 | E114: =+B114-D114 -> 8 | F114: 0.4 | G114: =C114+(C114*F114) -> 0 | H114: 6 | I114: =+E114*H114 -> 48
A115: LIGA DE FRENOS DOT 3 H&H (120CM) | B115: 22 | D115: 0 | E115: =+B115-D115 -> 22 | F115: 0.4 | G115: =C115+(C115*F115) -> 0 | H115: 3 | I115: =+E115*H115 -> 66
A116: LIGA DE FRENOS DOT 3 HYBRID (250CM) | B116: 2 | D116: 0 | E116: =+B116-D116 -> 2 | F116: 0.4 | G116: =C116+(C116*F116) -> 0 | H116: 5 | I116: =+E116*H116 -> 10
A117: LIGA DE FRENOS DOT 4 BETA (290CM) | B117: 3 | D117: 0 | E117: =+B117-D117 -> 3 | F117: 0.4 | G117: =C117+(C117*F117) -> 0 | H117: 6 | I117: =+E117*H117 -> 18
A118: LIGA DE FRENOS DOT 3 H&H (946CM) | B118: 2 | D118: 0 | E118: =+B118-D118 -> 2 | F118: 0.4 | G118: =C118+(C118*F118) -> 0 | H118: 12 | I118: =+E118*H118 -> 24
A119: LIGA DE FRENOS DOT 4 H&H (946CM) | B119: 2 | D119: 0 | E119: =+B119-D119 -> 2 | F119: 0.4 | G119: =C119+(C119*F119) -> 0 | H119: 14 | I119: =+E119*H119 -> 28
A120: LIGA DE FRENOS DOT 4 AKSU (946CM) | B120: 6 | D120: 0 | E120: =+B120-D120 -> 6 | F120: 0.4 | G120: =C120+(C120*F120) -> 0 | H120: 14 | I120: =+E120*H120 -> 84
A121: ACEITE PROFORCE DEXRON III (946Mml) | B121: 8 | D121: 0 | E121: =+B121-D121 -> 8 | F121: 0.4 | G121: =C121+(C121*F121) -> 0 | H121: 10 | I121: =+E121*H121 -> 80
A122: ACEITE XPESO DEXRON III (946ml) | B122: 1 | D122: 0 | E122: =+B122-D122 -> 1 | F122: 0.4 | G122: =C122+(C122*F122) -> 0 | H122: 10 | I122: =+E122*H122 -> 10
A123: ACEITE VOLTEX DEXRON III (946ml) | B123: 4 | D123: 0 | E123: =+B123-D123 -> 4 | F123: 0.4 | G123: =C123+(C123*F123) -> 0 | H123: 11 | I123: =+E123*H123 -> 44
A124: ACEITE SUPERIOR DEXRON III (1L) | B124: 9 | D124: 0 | E124: =+B124-D124 -> 9 | F124: 0.4 | G124: =C124+(C124*F124) -> 0 | H124: 11 | I124: =+E124*H124 -> 99
... A133: ACEITE ROSHFRANS 10W-50 100% SINTETICO (MOTO) | B133: 5 | D133: 0 | E133: =+B133-D133 -> 5 | F133: 0.4 | G133: =C133+(C133*F133) -> 0 | H133: 18 | I133: =+E133*H133 -> 90
A134: ACEITE MOTUL 3000 20W/50 MINERAL (MOTO) | B134: 6 | E134: =+B134-D134 -> 6 | F134: 0.4 | G134: =D134+(D134*F134) -> 0 | H134: 18 | I134: =+E134*H134 -> 108
A135: ACEITE IPONE 20W/50 SEMISINTETICO (MOTO) | B135: 10 | E135: =+B135-D135 -> 10 | F135: 0.4 | H135: 18 | I135: =+E135*H135 -> 180
A136: LIMPIACAUCHOS ESPUMA FLAMINGO (TIRE FOAM) (650ml) F003 | B136: 1 | C136: REVISAR CAJA | E136: =+B136-D136 -> 1 | H136: 12 | I136: =+E136*H136 -> 12
A137: LIMPIAMOTOR EN ESPUMA FLAMINGO (ENGINE DEGREASER) (650ML) F008 | B137: 7 | C137: 5.56 | D137: 0 | E137: =+B137-D137 -> 7 | F137: 0.5 | G137: =C137+(C137*F137) -> 8.34 | H137: 10 | I137: =+E137*H137 -> 70
A138: LIMPIADOR BRILLA TABLERO FLAMINGO (DASGBOARD POLISH) (450ML) F004J | B138: 5 | C138: 6.63 | D138: 0 | E138: =+B138-D138 -> 5 | F138: 0.5 | G138: =C138+(C138*F138) -> 9.945 | H138: 10 | I138: =+E138*H138 -> 50
A139: LIMPIACARBURADOR FLAMINGO (CARBURETOR & CHOKE CLEANER (450ML) F005 | B139: 2 | C139: 4.85 | D139: 0 | E139: =+B139-D139 -> 2 | F139: 0.5 | G139: =C139+(C139*F139) -> 7.275 | H139: 9 | I139: =+E139*H139 -> 18
A140: LIMPIACONTACTO FLAMINGO (CONTAC CLEANER) (450ML) F058 | B140: 3 | C140: 6.08 | D140: 0 | E140: =+B140-D140 -> 3 | F140: 0.5 | G140: =C140+(C140*F140) -> 9.12 | H140: 10 | I140: =+E140*H140 -> 30
A141: SILICON EN SPRAY FLAMINGO (SILICONE SPRAY) (450ml) F090L | B141: 1 | C141: 6.08 | D141: 0 | E141: =+B141-D141 -> 1 | F141: 0.5 | G141: =C141+(C141*F141) -> 9.12 | H141: 10 | I141: =+E141*H141 -> 10
A142: DESINFECTANTE DE CASCOS FLAMINGO (HELMET DISINFECTING FOAM) (450ml) F094 | B142: 3 | C142: 6.08 | D142: 0 | E142: =+B142-D142 -> 3 | F142: 0.5 | G142: =C142+(C142*F142) -> 9.12 | H142: 10 | I142: =+E142*H142 -> 30
A143: LIMPIACADENA DESENGRASANTE FLAMINGO (CHAIN CLEAN) (220ml) F110 | B143: 4 | C143: 4.04 | D143: 0 | E143: =+B143-D143 -> 4 | F143: 0.5 | G143: =C143+(C143*F143) -> 6.06 | H143: 9 | I143: =+E143*H143 -> 36
A144: LIMPIACADENA LUBRICANTE FLAMINGO (CHAIN LUBE) (220ml) F108 | B144: 3 | C144: 4.04 | D144: 0 | E144: =+B144-D144 -> 3 | F144: 0.5 | G144: =C144+(C144*F144) -> 6.06 | H144: 9 | I144: =+E144*H144 -> 27
A145: SHAMPOO CON CERA WASH WAX (500ML) F351 | B145: 1 | C145: 5.8 | D145: 0 | E145: =+B145-D145 -> 1 | F145: 0.5 | G145: =C145+(C145*F145) -> 8.7 | H145: 9 | I145: =+E145*H145 -> 9
A146: MOTOR FLUSH FLAMINGO (450ML) F048 | B146: 3 | C146: 6.69 | D146: 0 | E146: =+B146-D146 -> 3 | F146: 0.5 | G146: =C146+(C146*F146) -> 10.035 | H146: 10 | I146: =+E146*H146 -> 30
A147: LIMPIADOR DE DUCTOS AIRE ACONDICIONADO FLAMINGO (A/C PRO) F020 | B147: 6 | C147: 6.69 | D147: 0 | E147: =+B147-D147 -> 6 | F147: 0.5 | G147: =C147+(C147*F147) -> 10.035 | H147: 15 | I147: =+E147*H147 -> 90
A148: LIMPIADOR DE DUCTOS AIRE ACONDICIONADO GLADIATOR (A/C PRO) GT20 | B148: 1 | C148: 6.69 | D148: 0 | E148: =+B148-D148 -> 1 | F148: 0.5 | G148: =C148+(C148*F148) -> 10.035 | H148: 15 | I148: =+E148*H148 -> 15
... A150: DESENGRASANTE POTENCO GALON | B150: 3 | C150: 7.17 | D150: 0 | E150: =+B150-D150 -> 3 | F150: 0.8 | G150: =C150+(C150*F150) -> 12.906 | H150: 20 | I150: =+E150*H150 -> 60
A151: DESENGRASANTE H7 LITRO | B151: 9 | C151: 9.08 | D151: 0 | E151: =+B151-D151 -> 9 | F151: 0.4 | G151: =C151+(C151*F151) -> 12.712 | H151: 13 | I151: =+E151*H151 -> 117 | J151: FALTA REVISAR LA CAJA
A152: DESENGRASANTE H7 GALON | B152: 5 | C152: 20.89 | D152: 0 | E152: =+B152-D152 -> 5 | F152: 0.4 | G152: =C152+(C152*F152) -> 29.246 | H152: 30 | I152: =+E152*H152 -> 150
...
